﻿"LOCATION","INDICATOR","SUBJECT","MEASURE","FREQUENCY","TIME","Value","Flag Codes"
"AUS","GDP","TOT","MLN_USD","A","2016",1215897.6861,
"AUT","GDP","TOT","MLN_USD","A","2016",451297.2461,
"BEL","GDP","TOT","MLN_USD","A","2016",535073.5453,
"CAN","GDP","TOT","MLN_USD","A","2016",1625347.3073,
"CZE","GDP","TOT","MLN_USD","A","2016",372257.3969,
"DNK","GDP","TOT","MLN_USD","A","2016",290376.8332,
"FIN","GDP","TOT","MLN_USD","A","2016",240309.4371,
"FRA","GDP","TOT","MLN_USD","A","2016",2804273.7771,"P"
"DEU","GDP","TOT","MLN_USD","A","2016",4110953.334,
"GRC","GDP","TOT","MLN_USD","A","2016",293902.9558,"P"
"HUN","GDP","TOT","MLN_USD","A","2016",263522.4647,
"ISL","GDP","TOT","MLN_USD","A","2016",17638.6847,
"IRL","GDP","TOT","MLN_USD","A","2016",337275.917,
"ITA","GDP","TOT","MLN_USD","A","2016",2367104.1077,
"JPN","GDP","TOT","MLN_USD","A","2016",5221770.1934,
"KOR","GDP","TOT","MLN_USD","A","2016",1903410.733,
"LUX","GDP","TOT","MLN_USD","A","2016",61159.2587,
"MEX","GDP","TOT","MLN_USD","A","2016",2316427.9828,"P"
"NLD","GDP","TOT","MLN_USD","A","2016",874311.8729,
"NZL","GDP","TOT","MLN_USD","A","2016",185009.5241,"E"
"NOR","GDP","TOT","MLN_USD","A","2016",304326.7515,
"POL","GDP","TOT","MLN_USD","A","2016",1053113.6406,
"PRT","GDP","TOT","MLN_USD","A","2016",320522.8634,
"SVK","GDP","TOT","MLN_USD","A","2016",167789.8717,
"ESP","GDP","TOT","MLN_USD","A","2016",1706684.7787,"P"
"SWE","GDP","TOT","MLN_USD","A","2016",487065.3382,
"CHE","GDP","TOT","MLN_USD","A","2016",537700.9554,
"TUR","GDP","TOT","MLN_USD","A","2016",2087370.1871,
"GBR","GDP","TOT","MLN_USD","A","2016",2819115.7525,
"USA","GDP","TOT","MLN_USD","A","2016",18707189,
"CHL","GDP","TOT","MLN_USD","A","2016",416011.6519,
"CHN","GDP","TOT","MLN_USD","A","2016",21411541.9031,
"COL","GDP","TOT","MLN_USD","A","2016",696001.5338,
"EST","GDP","TOT","MLN_USD","A","2016",40654.6655,
"IND","GDP","TOT","MLN_USD","A","2016",8705012.6421,
"IDN","GDP","TOT","MLN_USD","A","2016",3031809.7635,
"ISR","GDP","TOT","MLN_USD","A","2016",320589.4794,
"RUS","GDP","TOT","MLN_USD","A","2016",3531999.0486,
"SVN","GDP","TOT","MLN_USD","A","2016",68526.3636,
"ZAF","GDP","TOT","MLN_USD","A","2016",742237.9725,
"EU28","GDP","TOT","MLN_USD","A","2016",20560615.1355,
"OECD","GDP","TOT","MLN_USD","A","2016",54661523.1457,"E"
"OECDE","GDP","TOT","MLN_USD","A","2016",22749869.5878,"P"
"LVA","GDP","TOT","MLN_USD","A","2016",50634.306,
"BRA","GDP","TOT","MLN_USD","A","2016",3156493.7668,
"LTU","GDP","TOT","MLN_USD","A","2016",86907.2825,
"SAU","GDP","TOT","MLN_USD","A","2016",1755109.8393,
"EA19","GDP","TOT","MLN_USD","A","2016",14563584.8619,
"ARG","GDP","TOT","MLN_USD","A","2016",878813.8706,
"CRI","GDP","TOT","MLN_USD","A","2016",79596.3872,
"BGR","GDP","TOT","MLN_USD","A","2016",138995.0651,
"HRV","GDP","TOT","MLN_USD","A","2016",102373.7342,
"CYP","GDP","TOT","MLN_USD","A","2016",28682.6219,
"MLT","GDP","TOT","MLN_USD","A","2016",17457.8519,
"ROU","GDP","TOT","MLN_USD","A","2016",470258.0727,
"MKD","GDP","TOT","MLN_USD","A","2016",30822.7897,
